{
  "roc_auc": 0.507968192523844,
  "pr_auc": 0.06641214311378243,
  "best_threshold": 0.05,
  "best_f1_DELQ": 0.11762376237623762,
  "imbalance_ratio": 14.988109881098811
}